,title,artists,url,danceability,energy,key,loudness,mode,speechiness,acousticness,instrumentalness,liveness,valence,tempo,duration_ms,time_signature
0,Diles,Bad Bunny,spotify:track:6C1RD7YQVvt3YQj0CmuTeu,0.813,0.56,2,-5.904,0,0.0618,0.108,0.0,0.268,0.287,118.033,286041,4
7,"Cayó La Noche (feat. Cruz Cafuné, Abhir Hathi, Bejo, EL IMA) [Remix]",La Pantera,spotify:track:0Bv7O6fmZk3GrNQFYJaXPn,0.672,0.745,5,-5.269,0,0.3,0.438,9.29e-06,0.0699,0.739,173.974,413111,4
14,Limbo,Daddy Yankee,spotify:track:3pDhN3qB33AOPhQEkUCaWt,0.806,0.875,7,-3.817,1,0.088,0.0838,0.00192,0.065,0.917,125.063,224693,4
15,Lovumba,Daddy Yankee,spotify:track:6oyl7ELfrMqXLhGmIjXY9R,0.734,0.933,11,-4.639,0,0.0578,0.0375,0.0,0.302,0.935,120.987,218413,4
16,No Sigue Modas,Juan Magán,spotify:track:0Qqrehp0IC6ppqIUz6mPCe,0.709,0.801,0,-4.688,1,0.0533,0.0252,0.0,0.159,0.829,128.007,189840,4
17,Te Pintaron Pajaritos,Yandar & Yostin,spotify:track:4jY5SnGbpH6FdGCqVbhOD4,0.894,0.858,9,-2.348,1,0.188,0.024,0.0,0.263,0.96,96.065,172559,4
19,EL ABUSADOR DEL ABUSADOR,Daddy Yankee,spotify:track:6rEpJ5uF56xgL2r61xABqc,0.742,0.874,9,-4.328,1,0.0835,0.021,0.0,0.251,0.814,96.935,161664,4
20,REMIX,Daddy Yankee,spotify:track:65MqlYPOWReasKWcuCaOCW,0.819,0.781,1,-4.879,1,0.0547,0.0323,0.0012,0.121,0.385,100.062,163680,4
21,BOMBÓN,Daddy Yankee,spotify:track:4OAPnWJ3J5w4c4IBLh2chn,0.843,0.789,7,-2.801,1,0.247,0.0028,2.41e-05,0.0322,0.571,125.071,182413,4
24,HOT,Daddy Yankee,spotify:track:5Pg4qYTcvCUBBq3jBhKq0t,0.898,0.677,11,-6.422,0,0.243,0.0223,0.0,0.35,0.578,130.027,154493,4
26,RUMBATÓN,Daddy Yankee,spotify:track:3XjN0mvFkQp1FMVM9Ro5hm,0.685,0.909,3,-4.034,0,0.0396,0.0471,0.0,0.35,0.922,95.004,248769,4
27,Pantysito,Alejo,spotify:track:4srcMdbm2qzVG98tJajHxp,0.83,0.739,7,-5.395,0,0.0627,0.136,2.11e-06,0.162,0.631,97.993,240413,4
30,Envolver Remix,Anitta,spotify:track:4B7mXGdCLQFulSxPTIEjPu,0.824,0.819,4,-4.336,0,0.0786,0.125,2.45e-05,0.137,0.616,92.001,182863,4
32,MAMIII,Becky G,spotify:track:1ri9ZUkBJVFUdgwzCnfcYs,0.843,0.7,4,-3.563,0,0.0803,0.0934,0.0,0.14,0.899,93.991,226088,4
34,"La Pared 720 (feat. Justin Quiles, Brray)",Lenny Tavárez,spotify:track:0fxnCHHRsFXLlMLtgjfwRL,0.698,0.845,7,-4.705,1,0.12,0.176,0.0,0.239,0.749,171.938,276105,4
39,FRIKI,Feid,spotify:track:2WrqTrNIHqfcMCgmEo0A7E,0.826,0.878,6,-2.389,0,0.0599,0.0242,0.0,0.0789,0.686,94.994,145120,4
41,Se Menea,Don Omar,spotify:track:1ZcrHpBbILPNfhBtPhQVHh,0.711,0.839,7,-6.288,1,0.117,0.0472,0.0,0.0806,0.932,179.936,190880,4
43,Sal y Perrea - Remix,Sech,spotify:track:1mG8VynhqySA52bALfYrvO,0.819,0.955,7,-0.521,0,0.0908,0.161,2.08e-05,0.289,0.725,89.959,226500,4
46,Helicóptero,Farruko,spotify:track:5PpwwiaSqIzLyzboENB4QO,0.793,0.631,10,-5.862,0,0.0381,0.333,0.00136,0.24,0.331,127.946,226547,4
47,El Incomprendido,Farruko,spotify:track:2mL37yB3f3Lfy4iiXV02Qf,0.754,0.841,11,-3.19,1,0.135,0.113,0.0,0.466,0.541,128.019,267547,4
50,Pepas,Farruko,spotify:track:2B4GHvToeLTOBB4QLzW3Ni,0.762,0.766,7,-3.955,1,0.0343,0.00776,6.98e-05,0.128,0.442,130.001,287120,4
51,In Da Getto,J Balvin,spotify:track:1q0PYXTbDsirp2l74ng6pn,0.924,0.723,8,-3.142,1,0.0466,0.0177,2.61e-05,0.113,0.643,126.998,130667,4
53,Combo la L,Beny Jr,spotify:track:0wAwFw9ni4NSyeUo3Con2o,0.859,0.616,0,-5.645,0,0.129,0.712,0.196,0.0935,0.722,137.054,168571,4
55,Color Caramelo,Beny Jr,spotify:track:0tqOrNifmUgu2xgbKesHk3,0.803,0.579,4,-4.584,0,0.0512,0.525,7.02e-05,0.124,0.342,131.924,160089,4
57,Pelele,Morad,spotify:track:5h5TUj8pU2WhdSeJx9BnX2,0.83,0.698,1,-5.549,0,0.163,0.224,0.00065,0.0761,0.825,144.929,216828,4
58,"Morad: Bzrp Music Sessions, Vol. 47",Bizarrap,spotify:track:39yyHtQ4tkjZzd8TfIBKQw,0.77,0.859,0,-4.526,0,0.0429,0.468,0.00339,0.103,0.548,122.042,177583,4
60,Salimo de Noche,Tiago PZK,spotify:track:6P096SaOzrgGxs8NWOfX7M,0.669,0.628,2,-4.177,1,0.0526,0.294,1.83e-05,0.124,0.784,83.803,177857,4
62,Sin Frenos,Eladio Carrion,spotify:track:1b62AO1IzcVr5SOgoguc9o,0.657,0.702,9,-7.667,0,0.0482,0.0723,0.0,0.188,0.75,145.022,211394,4
65,"Tiago PZK: Bzrp Music Sessions, Vol. 48",Bizarrap,spotify:track:2Gq636OOGgxCTqEuzCZhsa,0.656,0.823,1,-3.059,0,0.315,0.47,0.0,0.103,0.755,96.474,160000,4
67,Desesperados,Rauw Alejandro,spotify:track:6mmPpaltUZK7xjNlBPQQ0p,0.869,0.694,1,-3.35,0,0.0783,0.356,0.00125,0.0878,0.511,90.02,224997,4
69,2010,Mora,spotify:track:6XHBJ1LSOcVINYXAAd6KIH,0.755,0.698,10,-5.554,1,0.106,0.14,0.0,0.12,0.678,176.022,171691,4
70,Sensual Bebé,Jhayco,spotify:track:1xqbfjRuUw0ot43wgBuVkt,0.776,0.629,0,-6.09,1,0.0505,0.0268,0.0,0.114,0.104,97.066,209147,4
71,Descontrol,Daddy Yankee,spotify:track:42RRK0WSxwG117CEFHdGOY,0.731,0.879,11,-3.881,0,0.0743,0.111,0.00272,0.291,0.656,93.001,172907,4
72,La Despedida,Daddy Yankee,spotify:track:33a2zTGZocgU9XVDDILHM3,0.745,0.994,2,-2.194,0,0.0497,0.0909,0.0546,0.0684,0.972,122.049,202827,4
73,"Lo Que Pasó, Pasó",Daddy Yankee,spotify:track:26QKsGW4hMuwiEE1ftUMHe,0.819,0.741,8,-6.538,0,0.0412,0.104,0.0,0.283,0.84,97.014,210933,4
74,Ella Me Levanto,Daddy Yankee,spotify:track:7fGODUqa0gtkb72oBVCgCD,0.76,0.9,5,-4.782,1,0.0668,0.0715,0.0,0.221,0.761,100.046,209493,4
75,Dile,Don Omar,spotify:track:69Ej1xrGjOcHvIMtMKxK0G,0.817,0.714,4,-7.501,0,0.141,0.184,0.000132,0.042,0.714,94.001,204600,4
76,Rakata,Wisin & Yandel,spotify:track:5uVjUTstAPE3lhgjNSVGUB,0.872,0.786,1,-5.473,1,0.142,0.0348,0.0,0.0776,0.722,95.986,172680,4
77,Llamado de Emergencia,Daddy Yankee,spotify:track:2jnZUvhw2LTvDI6YidRVcO,0.703,0.909,4,-4.456,0,0.0358,0.216,1.57e-06,0.162,0.777,97.982,239920,4
78,Ven Bailalo - Reggaeton Mix,Angel Y Khriz,spotify:track:5nZYc9ZDMhlXv6iWahZTU8,0.675,0.919,11,-6.075,0,0.0366,0.0606,0.00653,0.103,0.726,97.017,252773,4
79,Ella Y Yo - Featuring Don Omar,Aventura,spotify:track:6G4U9avyBNEfP0fAIduev3,0.732,0.708,9,-7.905,0,0.262,0.534,0.0,0.237,0.717,175.924,267787,4
81,Mayor Que Yo,Baby Ranks,spotify:track:7pMWE6h8thBOq9YnFzBEpy,0.671,0.881,9,-4.331,0,0.305,0.528,0.0,0.383,0.733,179.968,254080,4
86,El Telefono,"Héctor ""El Father""",spotify:track:614NVFo5csQqRnryl4jXs2,0.808,0.682,2,-7.128,1,0.0963,0.171,1.42e-06,0.464,0.491,89.987,235627,4
88,Bailando por Ahi,Juan Magán,spotify:track:6sHBvzRsuGunQTfCk18KXi,0.73,0.732,4,-5.167,0,0.051,0.0427,2.22e-06,0.262,0.974,129.974,180453,4
89,Pa' Que Retozen,Tego Calderón,spotify:track:5YJ4BVvTFmVCxUyhKejHfR,0.815,0.856,1,-3.825,0,0.122,0.4,8.34e-05,0.244,0.872,91.995,151667,4
90,Llorando en un Ferrari,Anuel AA,spotify:track:0x4Kmsd1YLB9emO8thJ62U,0.761,0.876,6,-5.705,0,0.0658,0.00967,0.00444,0.103,0.352,121.032,193237,4
91,Dictadura,Anuel AA,spotify:track:4yoc5cUWk4OFvqOcvFvw0o,0.822,0.708,1,-4.651,0,0.0825,0.169,1.84e-05,0.114,0.456,94.974,208008,4
92,Unfollow,Duki,spotify:track:1rxX4SkYDqluMJcYSijMSH,0.818,0.648,2,-3.847,0,0.131,0.0166,1.01e-05,0.177,0.713,92.019,196727,4
95,Amanece,Anuel AA,spotify:track:1LiN0Z98FkR1t0m8KmLcAH,0.79,0.631,8,-5.549,0,0.0425,0.437,0.0,0.158,0.889,94.039,190005,4
97,A Solas - Remix,Lunay,spotify:track:1fXEkSum1vbTa3w0yvYzYW,0.62,0.744,6,-2.576,0,0.142,0.66,5.8e-06,0.141,0.589,180.014,273198,4
102,Adictiva,Daddy Yankee,spotify:track:6MJUCumnQsQEKbCy28tbCP,0.788,0.771,4,-3.206,0,0.0563,0.291,5.62e-05,0.172,0.701,99.038,207853,4
104,Secreto,Anuel AA,spotify:track:5W83ErFkO3aKAIS1WMi6u0,0.807,0.803,11,-4.156,1,0.126,0.602,0.00853,0.136,0.706,91.987,258800,4
106,Baila Baila Baila - Remix,Ozuna,spotify:track:7mWFF4gPADjTQjC97CgFVt,0.785,0.572,2,-7.504,1,0.123,0.0598,0.0,0.218,0.49,100.016,235284,4
111,China,Anuel AA,spotify:track:0KkIkfsLEJbrcIhYsCL7L5,0.786,0.808,7,-3.702,1,0.0881,0.0846,0.000289,0.0822,0.608,105.029,301714,4
116,Soltera - Remix,Lunay,spotify:track:4t9a07PAghtQMRAIP9FQ7Z,0.795,0.783,5,-4.271,1,0.0432,0.361,0.0,0.437,0.799,92.01,266087,4
119,Tusa,KAROL G,spotify:track:0dKg2vGC1hFqcK5LGTaKzX,0.799,0.701,2,-3.272,1,0.282,0.309,7.36e-05,0.0514,0.607,100.946,201920,4
121,Otro Trago - Remix,Sech,spotify:track:4bTZeO72FwMa6wKOiqoynL,0.725,0.79,0,-2.331,1,0.197,0.0711,1.14e-06,0.0602,0.763,175.988,287773,4
126,Cuaderno,Dalex,spotify:track:7anSoGdgtmJTAPZBzcPhO6,0.681,0.648,1,-5.021,0,0.38,0.523,0.0,0.104,0.688,172.02,286507,4
133,Que Mas Pues - Remix,Sech,spotify:track:7fODjB7BrQTGqh0hogW6XD,0.647,0.661,11,-5.027,1,0.2,0.121,2.27e-06,0.12,0.811,113.358,305962,5
140,Callaita,Bad Bunny,spotify:track:2TH65lNHgvLxCKXM3apjxI,0.61,0.624,2,-4.773,1,0.309,0.6,2.12e-06,0.243,0.244,176.169,250534,4
142,La Playa,Myke Towers,spotify:track:6768f4xbHQBpJo5lvFVNvs,0.796,0.683,10,-2.754,0,0.15,0.108,0.0,0.107,0.353,140.108,207731,4
143,Loco Contigo (feat. J. Balvin & Tyga),DJ Snake,spotify:track:6osaMSJh9NguagEDQcZaKx,0.694,0.758,11,-2.986,1,0.218,0.278,1.34e-06,0.102,0.371,192.091,185195,4
146,No Me Conoce - Remix,Jhayco,spotify:track:4R8BJggjosTswLxtkw8V7P,0.806,0.786,10,-3.831,0,0.0741,0.145,0.0,0.0935,0.58,91.973,309120,4
149,Si Se Da - Remix,Myke Towers,spotify:track:6K5BsR04ijf3FHNzjbaagD,0.817,0.672,11,-5.612,0,0.299,0.441,0.0,0.13,0.774,93.999,332240,4
154,Mírame - Remix,Nio Garcia,spotify:track:7meQTf97i7gyAzeHTLIytv,0.739,0.832,1,-3.244,1,0.151,0.119,1.35e-05,0.245,0.776,176.04,377580,4
160,"DJ No Pare (feat. Zion, Dalex, Lenny Tavárez) - Remix",Justin Quiles,spotify:track:1ndyl3wJCFs872XZ3ztPk6,0.743,0.709,3,-3.922,0,0.0879,0.0451,5.18e-06,0.0809,0.831,170.001,258600,4
166,Piensan,Myke Towers,spotify:track:1A9PKAFEHMWgXNLpgf7k4J,0.677,0.722,2,-4.443,0,0.0626,0.538,0.0,0.11,0.786,172.0,173452,4
167,"105 F Remix (feat. Arcangel, Ñengo Flow, Darell, Myke Towers & Brytiago)",KEVVO,spotify:track:73R3WkIr8D4jfvJ1Ti5hty,0.903,0.737,5,-7.442,0,0.161,0.355,1.48e-06,0.284,0.766,100.021,464214,4
175,Bellaquita,Dalex,spotify:track:1tpbAGsGpZee5jDHMcLrUJ,0.584,0.698,8,-3.961,1,0.106,0.09,6.87e-05,0.171,0.765,166.047,204787,4
177,Piropo,Noriel,spotify:track:3ltZpTagx93zE54eTG5NBh,0.866,0.747,9,-5.748,1,0.0725,0.122,0.0217,0.0403,0.772,93.983,220133,4
178,No Vuelvas Más,Darell,spotify:track:0mcBgVRVsvESTkEyVHt7Ue,0.866,0.602,11,-5.236,1,0.0844,0.434,3.06e-05,0.0567,0.836,95.016,239093,4
179,Easy - Remix,Jhayco,spotify:track:1NmQc6rwLv7g0UHL1AFOa9,0.89,0.748,1,-3.844,0,0.0976,0.186,2.07e-06,0.133,0.402,94.06,219867,4
181,Aventura,Lunay,spotify:track:37zdqI4r1gswIzczSBkRon,0.729,0.726,5,-3.208,1,0.0422,0.223,0.0,0.101,0.876,92.025,217130,4
184,La Cama - Remix,Lunay,spotify:track:2tGENA8xef0wABdHvyXwv9,0.737,0.832,2,-2.622,0,0.0798,0.12,0.0,0.255,0.865,173.986,330240,4
189,Reggaetonera,Anuel AA,spotify:track:6yVkakCN460KOVol9ZazjH,0.694,0.796,6,-4.164,1,0.0565,0.48,0.000384,0.108,0.515,93.064,212312,4
190,Por Mi Reggae Muero 2020,Yandel,spotify:track:09yuQ2v1mHGWZVrpQB1Oj4,0.603,0.815,0,-3.572,1,0.0904,0.0361,0.0,0.133,0.79,105.254,214919,4
192,Te Boté - Remix,Nio Garcia,spotify:track:3V8UKqhEK5zBkBb6d6ub8i,0.903,0.675,11,-3.445,0,0.214,0.542,1.28e-05,0.0595,0.442,96.507,417920,4
198,X (feat. Maluma & Ozuna) - Remix,Nicky Jam,spotify:track:6JjPBQfI2Y8nIjnm65X6Pw,0.663,0.696,9,-4.957,0,0.103,0.0561,3.77e-05,0.0778,0.738,180.113,235747,4
202,Solita,Ozuna,spotify:track:7rwX0O3RlxqqIjQM8evm5E,0.807,0.633,10,-6.016,0,0.0929,0.0564,0.0,0.107,0.325,138.038,311726,4
208,Síguelo Bailando,Ozuna,spotify:track:5Y9fnynLlIvqtM710MHzfz,0.855,0.664,9,-7.11,0,0.0607,0.165,3.97e-05,0.0937,0.626,98.015,226800,4
209,MIA (feat. Drake),Bad Bunny,spotify:track:116H0KvKr2Zl4RPuVBruDO,0.817,0.539,6,-6.349,0,0.0621,0.0141,0.000496,0.099,0.158,97.062,210368,4
211,"Taki Taki (feat. Selena Gomez, Ozuna & Cardi B)",DJ Snake,spotify:track:0KoiMHhqKLoL4xM54rcWYY,0.842,0.801,8,-4.167,0,0.228,0.157,4.82e-06,0.0642,0.617,95.881,212500,4
215,Con Calma,Daddy Yankee,spotify:track:5w9c2J52mkdntKOmRLeM2m,0.737,0.86,8,-2.652,0,0.0593,0.11,1.94e-06,0.0574,0.656,93.989,193227,4
217,Asesina - Original mix,Brytiago,spotify:track:6PniMs08lEakpuRp2nsMGv,0.835,0.703,10,-4.177,0,0.231,0.56,0.0,0.144,0.502,94.211,187255,4
220,Zum Zum,Daddy Yankee,spotify:track:7lEhOiFtcLXY4P7cuTKuQ8,0.839,0.832,0,-2.492,1,0.0531,0.0622,4.59e-06,0.282,0.529,92.004,235773,4
223,Criminal,NATTI NATASHA,spotify:track:6Za3190Sbw39BBC77WSS1C,0.814,0.813,2,-3.023,0,0.0561,0.03,9.33e-05,0.255,0.839,79.997,232550,4
225,Madura (feat. Bad Bunny),Cosculluela,spotify:track:0r9d60ZYPAlFHq8qnUtkXN,0.878,0.555,1,-7.639,0,0.202,0.138,1.34e-06,0.151,0.751,88.029,190909,4
227,Mayores,Becky G,spotify:track:2AY1UAimvTqjJC8vDJsOyy,0.745,0.836,5,-4.336,0,0.0444,0.145,0.00314,0.116,0.874,96.993,203187,4
229,Perro Fiel (feat. Nicky Jam),Shakira,spotify:track:70lnL3QaSOIIyMa2X9aVRL,0.75,0.76,1,-4.836,1,0.198,0.187,0.0,0.0548,0.893,183.817,195213,4
231,Me Enamoré,Shakira,spotify:track:4qknM1pQz53QOyfDVTjcM9,0.74,0.879,9,-2.251,0,0.105,0.193,8.25e-05,0.0928,0.948,103.71,226893,4
232,Chantaje (feat. Maluma),Shakira,spotify:track:6mICuAdrwEjh6Y6lroV2Kg,0.852,0.773,8,-2.921,0,0.0776,0.187,3.05e-05,0.159,0.907,102.034,195840,4
234,Safari,J Balvin,spotify:track:456xBIOmLRoLzCvCzZrWge,0.689,0.675,0,-4.281,1,0.32,0.531,3.17e-06,0.115,0.604,180.065,205600,4
238,Bobo,J Balvin,spotify:track:5kdTuoKeqdnblCop75wMuX,0.742,0.893,10,-2.671,1,0.117,0.115,6.67e-05,0.125,0.777,177.879,209427,4
239,Borro Cassette,Maluma,spotify:track:6DUdDIRgLqCGq1DwkNWQTN,0.73,0.701,5,-5.885,0,0.106,0.132,0.0,0.151,0.785,175.95,207307,4
240,Sin Contrato,Maluma,spotify:track:3yHJs5NmQk2ROAWCfjniXV,0.748,0.866,11,-3.41,0,0.057,0.111,0.0,0.0727,0.839,96.037,221053,4
241,Ay Vamos,J Balvin,spotify:track:6Ges5C2IE738iJh4HyQizQ,0.718,0.711,8,-5.746,0,0.11,0.157,5.54e-05,0.1,0.92,173.916,226413,4
242,6 AM,J Balvin,spotify:track:7mPwkbaoiQ5bf8FPbRJzUr,0.747,0.739,5,-5.256,0,0.0931,0.142,0.0,0.273,0.737,175.978,243227,4
244,Ginza,J Balvin,spotify:track:2C2TGgFzrTRIOdQS1vUN5h,0.73,0.809,5,-6.406,0,0.0876,0.208,0.0013,0.0804,0.825,101.965,171093,4
245,La Nueva Y La Ex,Daddy Yankee,spotify:track:6WuufZDBNoEJBTinRiznhO,0.64,0.943,5,-3.542,1,0.137,0.0464,0.0,0.137,0.637,198.062,197053,4
246,Propuesta Indecente,Romeo Santos,spotify:track:5PycBIeabfvX3n9ILG7Vrv,0.757,0.632,2,-6.83,1,0.0549,0.499,0.0,0.0723,0.742,122.936,235133,4
0,Perros Salvajes,Daddy Yankee,spotify:track:4oROqjxNSBrVxrcSaW77Mc,0.806,0.804,6,-4.84,0,0.146,0.0615,0.0,0.115,0.766,88.018,190311,4
1,Pasarela,Daddy Yankee,spotify:track:7uUYUy2qLfev9ppNvFBHpX,0.842,0.893,9,-4.277,1,0.0462,0.104,0.0,0.289,0.713,121.035,193627,4
2,Eres Mía,Romeo Santos,spotify:track:6I86RF3odBlcuZA9Vfjzeq,0.843,0.729,6,-3.634,0,0.0374,0.401,1.2e-06,0.206,0.903,123.046,250640,4
3,Hilito,Romeo Santos,spotify:track:6CKlQHQIxhWtq7MnEJ6QCz,0.872,0.726,5,-3.513,0,0.0324,0.346,0.0,0.114,0.875,117.012,234760,4
4,Inocente,Romeo Santos,spotify:track:6rXvMpWJbTyhSrVWye7jPE,0.733,0.794,5,-4.328,1,0.0447,0.359,0.0,0.16,0.857,140.186,236293,4
5,Cancioncitas de Amor,Romeo Santos,spotify:track:6bcdiJvYNX115yvbh3wASz,0.783,0.781,4,-3.079,1,0.0419,0.574,0.0,0.323,0.771,125.9,237093,4
6,Necio (feat. Carlos Santana),Romeo Santos,spotify:track:3DKWF8is9hzp84aSxnhlag,0.869,0.684,1,-4.915,1,0.0456,0.362,0.0,0.0737,0.88,115.052,264267,4
8,Tranquila,J Balvin,spotify:track:6klAm7Z2oR2FM7lozc7agF,0.731,0.67,4,-6.43,0,0.203,0.0278,0.0,0.131,0.658,175.944,199933,4
9,Voy A Beber (Original),Nicky Jam,spotify:track:1hMW2InUHSFeujNyQhWkMR,0.789,0.736,9,-5.738,0,0.0691,0.0485,0.0,0.045,0.926,82.011,213560,4
10,A Que No Te Atreves,"Tito ""El Bambino""",spotify:track:3H7UaBpIlxh6gCC9LBDzsM,0.772,0.796,0,-5.205,1,0.0755,0.27,0.0,0.307,0.804,89.993,186760,4
12,Hasta el Amanecer,Nicky Jam,spotify:track:5Fim1gaXBgsiFfsQAfQSDS,0.832,0.608,6,-6.042,0,0.0385,0.282,0.0,0.0761,0.589,94.013,198707,4
13,Picky - Remix,Joey Montana,spotify:track:1T4yFuWR3UFXQ9Og8IKMmi,0.786,0.812,8,-3.038,1,0.0491,0.0884,0.0,0.265,0.675,93.226,226400,4
16,La Temperatura (feat. Eli Palacios),Maluma,spotify:track:03f28Kmu5AlIdKAfEJiI8F,0.763,0.82,1,-4.873,0,0.0373,0.0515,4.65e-05,0.316,0.905,119.971,224787,4
18,Sola (Remix),Anuel AA,spotify:track:5q2JbCNi4FcnglgPfxcV65,0.639,0.869,11,-4.024,1,0.147,0.27,0.0,0.0802,0.767,169.801,307910,4
23,Otra vez (feat. J Balvin),Zion & Lennox,spotify:track:3QwBODjSEzelZyVjxPOHdq,0.832,0.772,10,-5.429,1,0.1,0.0559,0.000486,0.44,0.704,96.016,209453,4
25,Chillax (feat. Ky-Mani Marley),Farruko,spotify:track:1lxswgIpzV6HhENRvkflES,0.827,0.646,1,-4.727,0,0.0766,0.0724,0.0,0.247,0.512,92.057,197840,4
27,La Rompe Corazones,Daddy Yankee,spotify:track:2Q85xwXagilpHKTfdrbC7M,0.685,0.859,5,-2.595,0,0.0553,0.116,0.0,0.317,0.891,176.018,204520,4
29,Me Rehúso,Danny Ocean,spotify:track:6ifUES3keWjwXgae8pXI3o,0.744,0.804,1,-6.327,1,0.0677,0.0231,0.0,0.0494,0.426,104.823,205715,4
30,Se Preparó,Ozuna,spotify:track:1m69ELEgE6k5ZWsap40ozt,0.739,0.821,1,-4.233,1,0.0852,0.222,9.6e-06,0.311,0.693,171.077,188080,4
31,Felices los 4,Maluma,spotify:track:1RouRzlg8OKFeqc6LvdxmB,0.766,0.756,5,-5.861,1,0.132,0.213,0.0,0.349,0.716,94.027,230000,4
32,Ay Mi Dios,IAmChino,spotify:track:5Uel5PmPBZICA0TQTI912U,0.761,0.829,0,-3.203,0,0.0682,0.169,0.0,0.189,0.814,92.034,252003,4
36,Cuéntale,Don Omar,spotify:track:4ocXAchdkulq97w6m1ZaPv,0.657,0.933,9,-3.624,0,0.181,0.17,0.000137,0.204,0.637,89.931,261307,4
37,Atrévete-Te-Te,Calle 13,spotify:track:1q8NdCAQ9QUjpYiqzdd3mv,0.829,0.878,9,-5.951,1,0.101,0.0959,0.0,0.776,0.883,87.991,239307,4
38,Salió El Sol,Don Omar,spotify:track:48NXpYRuvv9izul4oXhqS9,0.887,0.701,4,-5.892,0,0.0873,0.106,0.00948,0.0466,0.965,110.002,315293,4
39,Rompe,Daddy Yankee,spotify:track:0Bp4vQU6sQsXpU5ygD1Tx3,0.687,0.806,1,-6.019,0,0.0549,0.0358,5.83e-06,0.0569,0.534,176.064,189040,4
40,Gasolina,Daddy Yankee,spotify:track:6jEZLz3YpnEBRpVkv35AmP,0.857,0.801,0,-6.499,1,0.0618,0.332,1.2e-06,0.0789,0.753,96.009,192600,4
41,Si No Le Contesto,Plan B,spotify:track:3XaWuYsTtnkzCSBr0RmROc,0.846,0.747,1,-5.074,0,0.0533,0.0947,0.0,0.159,0.517,95.003,220057,4
42,¿Qué Tengo Que Hacer?,Daddy Yankee,spotify:track:0nssGbqC6ZSMx0OliWCkHk,0.76,0.893,10,-3.913,0,0.0639,0.0758,8.21e-05,0.321,0.948,107.994,218507,4
43,Guaya Guaya,Don Omar,spotify:track:79zvVrn65ksbiGQxrtV4I5,0.788,0.873,7,-2.322,1,0.117,0.00607,0.00052,0.0908,0.703,91.981,193613,4
44,Pobre Diabla,Don Omar,spotify:track:7gxVgMixTYh4NXiNMao4s2,0.741,0.787,5,-6.228,1,0.0525,0.217,0.0179,0.0835,0.771,91.993,255680,4
45,Dale Don Dale,Don Omar,spotify:track:1PZrHbJjt5t7dP9OGRxcD0,0.831,0.818,2,-7.827,1,0.0825,0.0242,0.000336,0.0892,0.807,95.023,212413,4
46,El Señor de la Noche,Don Omar,spotify:track:7o5V0BUS9x8zdXMb2CiGpi,0.725,0.88,10,-3.74,1,0.118,0.066,0.0,0.156,0.683,95.965,204174,4
47,Yo No Soy Tu Marido,Nicky Jam,spotify:track:10bbgurV9w05vJVGAX9jYq,0.807,0.643,10,-7.347,0,0.0522,0.0707,5.61e-05,0.0865,0.821,94.983,199368,4
48,Reggaetón en lo Oscuro,Wisin & Yandel,spotify:track:7LLXLd0pisbEAdIVK502VM,0.747,0.898,1,-3.683,1,0.0709,0.0613,1.66e-06,0.0886,0.689,91.97,208947,4
49,Me enamoré - Feeling of Love,Xriz,spotify:track:4wPrE3gGDXUsymRJ1MaDoV,0.575,0.862,11,-3.889,0,0.0787,0.0274,0.0,0.302,0.681,130.05,219505,4
50,Es un Secreto,Plan B,spotify:track:0R7DSnSibvuE4PEHqUayqf,0.836,0.777,6,-5.376,0,0.0439,0.0951,1.68e-06,0.0561,0.504,94.977,190564,4
51,Choca,Plan B,spotify:track:1hiKRqR0jox7OI7aweq7Sj,0.858,0.835,4,-4.852,0,0.122,0.225,5.76e-06,0.0613,0.466,88.0,220987,4
52,Donde Estan Las Gatas (feat. Nicky Jam),Daddy Yankee,spotify:track:3Kemg5QPEhEjOiWUFrTkXX,0.836,0.961,7,-2.679,0,0.0635,0.194,0.0,0.074,0.76,109.957,170006,4
54,Llamado de Emergencia,Daddy Yankee,spotify:track:3bkBVEmRJuJZNh5iVgJkWm,0.699,0.91,4,-4.405,0,0.036,0.217,2.66e-06,0.146,0.792,97.971,239920,4
55,Noche de Travesuras,"Héctor ""El Father""",spotify:track:1x2l87hu1rrlS7xCBEy6Nk,0.83,0.622,9,-8.343,1,0.204,0.384,0.0,0.0677,0.428,92.017,208894,4
57,Noche De Sexo,Wisin & Yandel,spotify:track:4kAtRwNRLMKuoCbxMSxUGI,0.686,0.722,2,-5.4,1,0.256,0.108,0.0,0.494,0.515,94.006,205707,4
59,Ley Seca,Jhayco,spotify:track:3JCaq3KDSROg3TXhdiDa9n,0.759,0.842,8,-3.758,1,0.096,0.101,0.0,0.134,0.584,105.059,263253,4
61,Dos Opciones,Lyanno,spotify:track:3qIpCIYX31M7RWjkIGaX5l,0.783,0.7,7,-4.726,1,0.179,0.235,0.0,0.0861,0.53,160.013,224405,4
63,FRIKI,Feid,spotify:track:3No3zHVwKadKDR00kZdmAB,0.818,0.88,6,-2.411,0,0.0577,0.0237,0.0,0.0777,0.686,94.985,144987,4
65,Los Illuminaty,Rochy RD,spotify:track:4WOmUK3ngIuHqqdgka0DN2,0.844,0.793,10,-4.642,0,0.295,0.291,0.0,0.159,0.802,117.04,157116,4
67,No Se Olvida,Wisin & Yandel,spotify:track:49qCDjCcu8OvKlSDBYDzHv,0.794,0.739,11,-3.758,1,0.0587,0.184,0.0,0.266,0.448,95.046,250841,4
68,Deprimida,Ozuna,spotify:track:41yHlQmNvtjRpoexYcSyJp,0.811,0.728,1,-4.424,0,0.0619,0.0609,0.000658,0.137,0.725,88.001,217627,4
69,Guatauba,Plan B,spotify:track:0xJFWROBNTBL4sKEuA5pm6,0.804,0.745,4,-5.963,0,0.229,0.00849,0.000942,0.0378,0.635,183.985,162400,4
70,Bonita,J Balvin,spotify:track:0atfY1ew83Ql9nNnJiD2t5,0.775,0.867,5,-1.582,0,0.0414,0.0132,0.00684,0.278,0.869,96.038,265747,4
72,Ella Quiere Beber - Remix,Anuel AA,spotify:track:3f5lA8nnc4YYF1qf78WpHw,0.75,0.665,8,-3.083,1,0.124,0.265,0.0,0.0515,0.697,95.239,219357,4
74,Baila Morena,Lucenzo,spotify:track:4dNRA8hrqj7XJvFhGSQsKe,0.483,0.916,1,-3.728,1,0.144,0.0156,0.0,0.319,0.721,129.79,184217,4
75,Mayor Que Yo 3,Luny Tunes,spotify:track:5l1AVA9n0j2mMsjkC2B7Mj,0.715,0.964,1,-3.176,0,0.162,0.0985,0.0,0.291,0.535,91.976,304747,4
79,Hipócrita,Anuel AA,spotify:track:4CbANooTL2aTHzJZqQ0Uvk,0.79,0.858,2,-2.78,1,0.0471,0.303,0.0,0.61,0.79,92.05,192000,4
81,Safaera,Bad Bunny,spotify:track:2DEZmgHKAvm41k4J3R2E9Y,0.607,0.829,2,-4.074,1,0.379,0.0103,0.0,0.107,0.685,96.172,295177,4
84,Yo Perreo Sola,Bad Bunny,spotify:track:0SqqAgdovOE24BzxIClpjw,0.86,0.758,11,-5.16,1,0.0695,0.021,6.54e-05,0.344,0.453,97.014,172127,4
85,Bichiyal,Bad Bunny,spotify:track:4j4w4CXm6BSr0s25wAWrrX,0.737,0.766,10,-4.242,0,0.0458,0.31,6.63e-06,0.114,0.662,93.956,196500,4
87,La Difícil,Bad Bunny,spotify:track:6NfrH0ANGmgBXyxgV2PeXt,0.685,0.848,8,-4.561,0,0.0858,0.0861,7.14e-06,0.0783,0.761,179.87,163084,4
88,PA' ROMPERLA,Bad Bunny,spotify:track:5XqCz18k96K8tx6DAYM97i,0.772,0.83,7,-5.019,1,0.0599,0.016,0.0,0.0843,0.697,94.011,194200,4
90,La Zona,Bad Bunny,spotify:track:5kqNIqFjijuzvVLhuY9B8j,0.762,0.801,1,-3.661,0,0.0409,0.2,7.04e-05,0.254,0.81,93.992,136893,4
91,Una Vez,Bad Bunny,spotify:track:5J7teKIJGtqVypgYI6sqXj,0.55,0.598,11,-5.402,0,0.0831,0.132,2.58e-06,0.0955,0.543,83.836,232496,4
93,Perreo Intenso,Ankhal,spotify:track:4B2kFp1ulVz1FgwVYSShoj,0.747,0.95,4,-2.946,0,0.263,0.0417,1.72e-06,0.0875,0.689,183.912,239587,4
97,La Santa,Bad Bunny,spotify:track:69vlMrzHwATKzupwNcUPyK,0.744,0.868,1,-4.524,1,0.047,0.0326,0.0,0.0822,0.586,93.037,206420,4
99,Amarillo,J Balvin,spotify:track:6zEgnpM0qYmHLDnh8WPejL,0.641,0.857,1,-5.725,0,0.301,0.013,0.00534,0.0695,0.961,122.728,157733,5
100,Rojo,J Balvin,spotify:track:4uziEsK1yiqdauKVDPsmVG,0.652,0.595,11,-4.04,1,0.113,0.15,0.000115,0.0842,0.444,172.27,150853,4
101,Tattoo,Rauw Alejandro,spotify:track:7na7Bk98usp84FaOJFPv3d,0.755,0.617,9,-5.144,1,0.182,0.0217,0.0,0.0625,0.745,193.896,202887,4
102,Fantasias,Rauw Alejandro,spotify:track:6mAN61JH0dzyZpWslS11jy,0.879,0.703,1,-4.219,1,0.0701,0.143,0.0,0.0569,0.788,94.004,199711,4
104,La Mamá de la Mamá,El Alfa,spotify:track:2L95U6syP0bV3fkYYOzmiW,0.922,0.927,11,-3.025,1,0.105,0.283,0.00331,0.719,0.796,129.978,219000,4
108,Curazao,El Alfa,spotify:track:2gMau9LsRZtWOrq5cBGywB,0.854,0.943,11,-4.876,0,0.0846,0.11,1.41e-05,0.0528,0.53,129.256,239578,4
111,La Romana,Bad Bunny,spotify:track:1khmgu0pveJbkbpbkyvcQv,0.655,0.725,0,-5.497,1,0.188,0.0327,0.00264,0.0611,0.326,125.8,300579,4
113,Besalo,El Alfa,spotify:track:6XlBkATW7Gamg4qJXzc6IF,0.765,0.79,4,-2.129,0,0.0488,0.394,0.000487,0.142,0.613,147.03,163265,4
115,Bésame,Luis Fonsi,spotify:track:1ESyXyXxZmII2sXhMVpk9D,0.789,0.752,0,-4.114,1,0.0364,0.0961,0.0,0.0888,0.902,139.969,170107,4
117,Loco,Justin Quiles,spotify:track:6b2HYgqcK9mvktt4GxAu72,0.771,0.885,8,-3.66,1,0.0508,0.222,0.0,0.0918,0.826,128.031,231604,4
120,Pareja Del Año,Sebastian Yatra,spotify:track:2rCbl9naJYhaxjLsfx88uM,0.715,0.622,4,-5.102,0,0.046,0.163,0.0,0.0948,0.808,80.015,195053,4
122,Todo De Ti,Rauw Alejandro,spotify:track:3rdAz1fbUfZxYgaCviYhRo,0.78,0.719,3,-3.613,0,0.0506,0.302,0.000196,0.0931,0.336,127.962,199604,4
123,Miénteme,TINI,spotify:track:0cOa970mzTWAxKtltpkpLc,0.85,0.541,2,-4.522,1,0.0674,0.161,5.01e-06,0.286,0.916,92.003,165275,4
125,Yonaguni,Bad Bunny,spotify:track:2JPLbjOn0wPCngEot2STUS,0.644,0.648,1,-4.601,1,0.118,0.276,0.0,0.135,0.44,179.951,206710,4
126,Volví,Aventura,spotify:track:2vmfvSoZBFAt9hhRoEByLi,0.725,0.86,1,-3.726,1,0.182,0.422,0.000284,0.0674,0.791,175.896,230125,4
128,AM Remix,Nio Garcia,spotify:track:05bfbizlM5AX6Mf1RRyMho,0.743,0.655,6,-5.015,0,0.159,0.114,0.0,0.0764,0.785,172.031,261335,4
131,Cúrame,Rauw Alejandro,spotify:track:1FlL8ycld6uVDDyhV7P5FA,0.765,0.625,9,-3.599,0,0.0548,0.584,0.00111,0.112,0.262,102.101,164706,4
132,911 (Remix),Sech,spotify:track:27RSJHEA99Y0Vsow7nA37A,0.816,0.71,7,-3.728,1,0.0398,0.165,0.0,0.292,0.784,93.02,208631,4
134,La Old Skul,Rauw Alejandro,spotify:track:4Z8HZSApeddaRM2ovivUj4,0.795,0.798,9,-2.357,0,0.08,0.532,1.02e-05,0.0869,0.397,104.912,214857,4
135,Demaga Ge Gi Go Gu,El Alfa,spotify:track:3nQbCPy1vMFtXb4XEpOmgC,0.609,0.904,8,-2.619,1,0.324,0.638,0.00416,0.229,0.471,149.149,218921,5
137,La Pegajosa,El Alfa,spotify:track:5moP23NFBjLaJbfYxJswVI,0.871,0.9,8,-4.603,0,0.052,0.0695,0.376,0.169,0.634,110.04,157097,4
139,Fiel,Los Legendarios,spotify:track:56KhDgM8O8rHxBI7CIEGCw,0.849,0.701,6,-4.407,0,0.06,0.407,0.0,0.112,0.505,98.005,261667,4
142,911,Sech,spotify:track:2p2Q23iaaPSEa1tI6TsCVX,0.795,0.655,7,-3.815,1,0.0422,0.076,1.76e-06,0.296,0.744,93.029,215891,4
143,Ella No Es Tuya - Remix,Rochy RD,spotify:track:5YYW3yRktprLRr47WK219Y,0.585,0.611,6,-4.132,1,0.288,0.39,0.0,0.649,0.962,97.041,218107,4
146,Bandido,Myke Towers,spotify:track:1xK1Gg9SxG8fy2Ya373oqb,0.713,0.617,8,-4.637,1,0.0887,0.122,0.0,0.0962,0.682,168.021,232853,4
148,Perreo Pesau',Rauw Alejandro,spotify:track:5bQ9rtAfOUbPmuxjPK8zDp,0.732,0.679,3,-3.068,0,0.135,0.195,5.2e-06,0.651,0.443,171.887,260547,4
149,No Toque Mi Naik,Nicki Nicole,spotify:track:0TBbNYzmtCfN5cpZSCVNIz,0.763,0.784,2,-3.131,1,0.203,0.284,4.5e-06,0.145,0.609,95.045,143925,4
151,Pegate - Remix,Mora,spotify:track:7C2RvtNZvxPdol2JXAdxVK,0.695,0.624,0,-4.364,1,0.205,0.0208,0.0,0.057,0.446,186.13,204587,4
153,La Pared 360,Lenny Tavárez,spotify:track:2w8SKQCnT2YQK1qCqKl2uW,0.776,0.72,2,-4.681,0,0.151,0.231,0.0,0.147,0.829,168.273,152596,4
155,Guadalupe,Jowell & Randy,spotify:track:6NOEC8iVItnGmq2g8wwDYd,0.825,0.768,2,-5.788,1,0.174,0.045,0.0,0.0999,0.598,84.009,243036,4
156,La Ocasión,DJ Luian,spotify:track:20pJKlNIU3J1CrvhBr1kQ8,0.739,0.627,9,-6.063,0,0.128,0.293,0.0,0.477,0.251,134.045,336149,4
162,2/Catorce,Rauw Alejandro,spotify:track:71R8HJxQk5qMiRstrlXN9t,0.54,0.455,3,-5.988,1,0.224,0.675,1.08e-05,0.12,0.432,83.876,212032,4
164,Me Fije,Alex Rose,spotify:track:6Et5KimMg3IXwD6lJPGmQw,0.76,0.668,7,-3.997,0,0.0667,0.397,3.36e-05,0.103,0.71,172.011,202320,4
166,512,Mora,spotify:track:5jzEwSyyymBlf1fa1o39T2,0.818,0.673,4,-7.542,0,0.148,0.348,0.0,0.172,0.695,87.961,193636,4
168,120,Bad Bunny,spotify:track:3KJ3opyV29269SXkPrc19l,0.636,0.656,2,-5.542,0,0.0676,0.451,7.97e-06,0.287,0.439,171.918,151506,4
169,"L-Gante: Bzrp Music Sessions, Vol.38",Bizarrap,spotify:track:1Crj1zkRMpsEjb9NOR6Zof,0.553,0.819,2,-3.083,1,0.257,0.368,1.36e-05,0.0915,0.761,87.913,192348,4
171,"Snow Tha Product: Bzrp Music Sessions, Vol. 39",Bizarrap,spotify:track:3ke6it1vTmHtz2ApcIVUz5,0.83,0.748,1,-5.362,1,0.162,0.354,0.0,0.0992,0.523,133.028,177443,4
173,"Nicky Jam: Bzrp Music Sessions, Vol. 41",Bizarrap,spotify:track:03LfOYi0icz4souspZVVhq,0.627,0.849,1,-3.167,0,0.153,0.0913,0.0,0.145,0.818,89.907,158087,4
0,"Eladio Carrion: Bzrp Music Sessions, Vol. 40",Bizarrap,spotify:track:1VauUM5CBX7nkLcgafQL2B,0.783,0.524,5,-6.455,0,0.0554,0.241,0.0,0.271,0.839,117.496,164896,4
2,"Chucky73: Bzrp Music Sessions, Vol. 43",Bizarrap,spotify:track:4xTd8fz0mZFK5b9IYdGKNd,0.815,0.832,5,-3.622,0,0.104,0.538,1.01e-06,0.0686,0.912,110.01,141320,4
4,Tranquilísimo,Israel B,spotify:track:3znlxKwQTRVrrerCcZPus2,0.828,0.714,10,-6.852,0,0.108,0.185,3.15e-06,0.244,0.407,95.967,143179,4
7,"Ptazeta: Bzrp Music Sessions, Vol. 45",Bizarrap,spotify:track:4axxCbc4tWlpqHP5UbJMc3,0.829,0.81,2,-4.801,1,0.144,0.0424,0.0,0.0748,0.707,114.044,161485,4
9,DANCE CRIP,Trueno,spotify:track:1kjs5eR4DMzyB0gm1Z8waV,0.857,0.766,0,-3.699,1,0.0978,0.108,0.0,0.0817,0.864,106.024,165019,4
10,Poblado - Remix,J Balvin,spotify:track:2K1CQMoG2Dy5nmeOYnhoi8,0.813,0.81,3,-5.382,0,0.0809,0.112,1.59e-06,0.377,0.632,93.005,392867,4
16,SÚBELE EL VOLUMEN,Daddy Yankee,spotify:track:343HgC6SVFtTAgMPlGoNjn,0.83,0.623,6,-4.056,1,0.0801,0.0219,0.0,0.0812,0.614,101.036,223366,4
19,Qué Más Pues?,J Balvin,spotify:track:6D2TCm4nf5nxAcdGJ7w3QP,0.903,0.817,8,-3.972,1,0.095,0.0272,0.000311,0.242,0.732,102.014,217360,4
21,Se Le Ve,Dímelo Flow,spotify:track:5W1qmxHrMlQGGAiFA3ZQqP,0.562,0.755,7,-4.367,0,0.112,0.0967,2.25e-05,0.143,0.609,83.997,277693,4
28,El Efecto - Remix,Rauw Alejandro,spotify:track:74j34STf8L6uADnTN69ohv,0.771,0.769,0,-3.504,0,0.0694,0.18,1.57e-05,0.345,0.931,167.969,289899,4
34,Candy,Plan B,spotify:track:2ctjDCCg1wHoQSjIJ8p6U4,0.897,0.864,11,-3.735,0,0.147,0.252,0.0,0.517,0.542,95.981,207627,4
35,QUE PRETENDES,J Balvin,spotify:track:25ZAibhr3bdlMCLmubZDVt,0.639,0.791,10,-4.443,0,0.253,0.0275,0.0,0.362,0.939,92.603,222347,4
37,ORO ROSADO,Mora,spotify:track:7jy9wZZTgxlwnXJLMWVegl,0.495,0.705,9,-4.097,1,0.153,0.538,0.0,0.123,0.745,86.078,154667,4
38,Te Voy a Esperar (feat. Belinda),Juan Magán,spotify:track:1Px4jqDnQFulhG7Dl3nK0C,0.72,0.731,10,-7.372,1,0.0927,0.285,0.0,0.11,0.614,128.988,215813,4
40,Se Vuelve Loca,Juan Magán,spotify:track:4G4lvlyyVmtRDucE3ka177,0.715,0.634,6,-7.737,1,0.0341,0.0401,1.25e-06,0.0509,0.63,126.023,188773,4
41,Noche de Estrellas,José de Rico,spotify:track:2pbLzrByOZPibnYwSXLplI,0.732,0.912,11,-4.144,1,0.0602,0.189,0.0,0.375,0.893,128.006,201000,4
44,Pégate Más,Dyland & Lenny,spotify:track:7IUqWSyZP376AhNCmQwYRE,0.638,0.865,7,-5.369,0,0.0372,0.00933,0.000549,0.0547,0.961,132.018,201413,4
45,Nota de Amor (feat. Daddy Yankee),Wisin,spotify:track:4YW2Fr25fHwUt6qgvM1iE1,0.806,0.929,10,-3.017,1,0.121,0.263,0.0,0.0622,0.602,97.99,232373,4
48,Me Voy Enamorando - Remix,Chino & Nacho,spotify:track:0SUukeNYkHMk8bxwgGQKJa,0.708,0.87,10,-4.473,1,0.0557,0.0894,0.0,0.347,0.547,99.963,215800,4
51,Tu y Yo,Juan Magán,spotify:track:5ZKPB4ceWdxAxw2w43ThXd,0.674,0.834,2,-6.089,0,0.0477,0.118,0.00584,0.281,0.795,130.034,194000,4
52,Mal De Amores,Juan Magán,spotify:track:0cvf290WNqrA8rGAEE6Ncl,0.636,0.798,10,-7.018,1,0.127,0.0876,0.0,0.372,0.452,128.028,173040,4
53,Pasado pisado,Comando Tiburon,spotify:track:3sxrGDtPVlivk1vjC4VjP1,0.571,0.823,8,-5.874,1,0.193,0.118,6.94e-05,0.0416,0.913,128.98,197773,4
54,Angelito Sin Alas (feat. Juan Magán) - Remix,DCS,spotify:track:3qZRT8P3XzmoHqkXYCybd4,0.731,0.91,7,-4.625,1,0.068,0.258,0.0,0.103,0.888,120.031,205056,4
56,Rayos de Sol,José de Rico,spotify:track:1d5obgzCOtwq9qaxfe4Hpw,0.747,0.872,8,-4.233,1,0.0355,0.0742,0.00039,0.149,0.882,128.013,231562,4
58,Entre la Playa Ella y Yo,Big Yamo,spotify:track:1tvdNGCcgAhYaYq7ouIYGJ,0.637,0.863,8,-3.619,1,0.0728,0.479,0.0,0.231,0.972,84.951,185078,4
60,Una Vaina Loca (feat. Fuego),Boy Wonder CF,spotify:track:0jXyTYEqZgFPqQvrl1dkRK,0.803,0.887,1,-5.714,1,0.0527,0.278,1.79e-06,0.0636,0.721,117.021,163760,4
62,Dile (Homenaje),Jhayco,spotify:track:073yIM7v2j6XadD4Nkn0Fh,0.764,0.745,5,-4.563,0,0.0475,0.0488,0.0,0.172,0.727,93.013,228933,4
63,Diablita Remix,Fabbio,spotify:track:1CMPYloogotoC6z9n9wdQT,0.745,0.843,1,-4.383,0,0.0632,0.0898,0.0,0.264,0.893,135.95,202192,4
67,Beba Qué Quieres Que Haga,Omar Montes,spotify:track:49iOVtExuJU9faigS2JRUf,0.691,0.937,2,-1.343,1,0.118,0.114,5.95e-05,0.82,0.9,100.122,178264,4
69,Búscate Otro,Jc La Nevula,spotify:track:5nZ7DPFgkSueMjpaVZf3wz,0.832,0.688,5,-4.923,0,0.129,0.244,1.62e-06,0.116,0.406,100.025,213656,4
71,"Ran Bim Bam (with Rochy RD, Yomel El Meloso, Bryant Grety, Tief El Bellaco) - Remix",Quimico Ultra Mega,spotify:track:2HlLAQJS5Myqi79v0503Yp,0.876,0.781,8,-2.256,0,0.177,0.00902,0.0,0.354,0.705,119.987,272000,4
76,Colorín Colorado,Justin Quiles,spotify:track:2YZDh5CecWx0qlFiTvqVQ9,0.677,0.813,6,-4.01,0,0.187,0.219,0.0,0.18,0.573,169.844,194989,4
77,La Botella,Justin Quiles,spotify:track:6GPBXtnSepHovJi1uD1Ggj,0.79,0.766,6,-3.497,0,0.111,0.324,0.0,0.0832,0.825,82.026,226010,4
79,Rakata - Remix,Moncho Chavea,spotify:track:7kbKXgIpWuljf9WUYoelqg,0.627,0.794,1,-4.687,1,0.197,0.0759,1.57e-05,0.29,0.797,98.79,329920,4
88,Dile Que Tu Me Quieres,Ozuna,spotify:track:5u5MvmVtitax9R1Mxh3reC,0.773,0.757,1,-4.959,1,0.0526,0.0864,3.73e-06,0.0727,0.858,88.006,226520,4
89,Ahora Dice,Chris Jedi,spotify:track:5lhcHMDQpNwhM62lSOrvLf,0.704,0.691,6,-5.414,1,0.158,0.255,0.0,0.129,0.427,143.982,270493,4
93,No Quiere Enamorarse - Remix,Ozuna,spotify:track:0XC9N5n8osww4bfsPuNMpS,0.766,0.82,0,-3.135,1,0.0688,0.148,0.0,0.659,0.819,164.049,239206,4
95,Un Bellaqueo,Ozuna,spotify:track:7vNt6L1pQRjPPEvb03jpyt,0.895,0.789,5,-3.802,0,0.0895,0.3,8.6e-06,0.158,0.96,88.004,218593,4
99,Manicomio,Cosculluela,spotify:track:3n58u3LOFw8mITLvfPvQBz,0.744,0.754,8,-3.829,1,0.24,0.0213,1.33e-06,0.14,0.841,180.039,228662,4
100,Me Reclama,Mambo Kingz,spotify:track:4ojwGTehgBRAg52jbFgzJg,0.755,0.72,1,-4.215,0,0.0826,0.348,0.0,0.168,0.713,175.93,187493,4
104,"Tumba La Casa (Remix) [feat. Daddy Yankee, Nicky Jam, Farruko, Arcangel, De La Ghetto, Zion & Ñengo Flow]",Alexio,spotify:track:6n5hSi8Mdyee0XvsmIffeV,0.774,0.654,1,-6.932,1,0.234,0.192,0.0,0.303,0.846,166.001,477675,4
112,Mi Vecinita,Plan B,spotify:track:18DmZ510OB9XATcFbQ8vDZ,0.755,0.82,5,-4.408,0,0.0528,0.102,0.0,0.577,0.867,93.995,182293,4
113,El Serrucho,Mr Black El Presidente,spotify:track:2ZR50pvQ1lpMWyQAMO4Y5b,0.947,0.958,10,-4.146,1,0.171,0.0404,0.0,0.0916,0.801,115.983,203781,4
114,Como Yo Le Doy,Don Miguelo,spotify:track:4sUvL7D0XXsxWxHsIB3Cmj,0.836,0.782,7,-5.93,1,0.0833,0.328,9.41e-06,0.211,0.846,98.0,221768,4
115,Como Yo Le Doy - Spanglish Version,Pitbull,spotify:track:39rEnzsEsUH8vzcM43QSa0,0.777,0.84,7,-4.384,1,0.082,0.151,1.24e-06,0.249,0.804,97.979,262707,4
117,FUMETEO - Remix,Feid,spotify:track:4sIVl8rmGPDemhnod4JID3,0.731,0.849,4,-4.607,0,0.0431,0.0492,1.07e-05,0.105,0.606,93.982,214880,4
120,Keii,Anuel AA,spotify:track:5eEQCfq7MXQr6aHLNRUZLs,0.708,0.797,0,-3.095,0,0.0391,0.4,0.0,0.096,0.51,88.015,210000,4
121,Sola & Vacía,Casper Magico,spotify:track:46V4kseB66GjFGklCgynGX,0.712,0.851,0,-3.359,1,0.149,0.207,4e-06,0.0334,0.542,95.973,182676,4
123,Hasta Que Dios Diga,Anuel AA,spotify:track:06s3QtMJVXw1AJX3UfvZG1,0.691,0.765,8,-4.727,1,0.111,0.464,3.29e-06,0.203,0.855,174.021,246000,4
125,"Tokyo Drift (Fast & Furious) - From ""The Fast And The Furious: Tokyo Drift"" Soundtrack",Teriyaki Boyz,spotify:track:0upFohXrGxIIAjyaJmCkMU,0.757,0.892,6,-5.321,1,0.124,0.178,4.19e-05,0.0719,0.936,127.014,255947,4
126,Tu Príncipe,Daddy Yankee,spotify:track:2FNqnsX74ZlwduUAcnmzee,0.77,0.804,4,-5.479,1,0.0623,0.16,1e-05,0.193,0.568,94.017,205520,4
128,Zun Da Da,Zion,spotify:track:6DxS2ZRl8G3EagHkovYXA2,0.782,0.767,9,-7.981,0,0.0871,0.266,3.64e-05,0.0947,0.622,88.005,304091,4
129,Me Estas Tentando,Wisin & Yandel,spotify:track:7JVIiaJPFiZypYSOMREhhA,0.813,0.92,4,-2.643,0,0.055,0.279,6.93e-06,0.329,0.767,115.994,229680,4
130,Abusadora,Wisin & Yandel,spotify:track:6Zdjh0uRQPt22BPckJgvEj,0.775,0.786,1,-4.59,0,0.0503,0.0419,0.000413,0.0875,0.19,114.996,180387,4
131,Yo Voy (feat. Daddy Yankee),Zion & Lennox,spotify:track:5gflgO9EPbIBf16n5TKnQS,0.808,0.697,10,-5.899,1,0.241,0.041,0.0,0.0546,0.554,95.06,232020,4
132,"Baila Morena (with Luny Tunes, Noriega) - Remix",Hector & Tito,spotify:track:4qbi9JDziBh3cxi9SFUbeu,0.786,0.819,0,-5.062,1,0.108,0.207,0.0,0.0969,0.775,94.002,187080,4
135,Quiero Bailar,Ivy Queen,spotify:track:7mY1dIaY9vY6Jrlrjg3dRn,0.836,0.842,5,-5.233,1,0.105,0.285,0.0,0.277,0.757,94.946,186507,4
136,Sexy Movimiento,Wisin & Yandel,spotify:track:1Kgyx7NLtzsa3gWV1efGHu,0.815,0.757,10,-6.16,0,0.039,0.382,3.28e-06,0.147,0.734,104.986,209680,4
137,Niña Bonita,Chino & Nacho,spotify:track:4u5xLMRN0dgKBFFN8FiNgv,0.676,0.91,9,-5.096,1,0.132,0.257,0.0,0.153,0.716,120.022,216787,4
138,Me Prefieres a Mí (Remix) [feat. Don Omar],Arcángel,spotify:track:47bwUcIdS00pGFjEohjsru,0.741,0.739,2,-5.863,1,0.142,0.268,4.78e-05,0.405,0.765,81.002,262360,4
140,Zumba,Don Omar,spotify:track:2xcHJ5YpRL7wgSfsBnIktB,0.718,0.892,9,-3.494,0,0.0404,0.00175,0.0145,0.138,0.828,124.98,263973,4
141,More,Zion,spotify:track:0rKqFkLnkcZByHMjN60KAn,0.69,0.79,1,-6.628,0,0.0864,0.211,0.0,0.106,0.869,172.054,240733,4
144,Me Niegas,Baby Rasta & Gringo,spotify:track:1o6DL0otgQMsUebziSC7kA,0.679,0.713,8,-6.625,1,0.0499,0.0226,0.17,0.239,0.882,173.995,201947,4
145,Virtual Diva,Don Omar,spotify:track:5nJaS3PEpyPfaWiLxIGtRX,0.785,0.881,8,-4.205,0,0.0505,0.212,0.0,0.753,0.729,113.999,239493,4
146,Danza Kuduro,Don Omar,spotify:track:4sCSUQnWQ6HJsOMjfPicdn,0.701,0.896,0,-6.459,1,0.0814,0.0866,0.0,0.0572,0.896,130.067,198387,4
148,En La Cama (feat. Daddy Yankee),Nicky Jam,spotify:track:2Eg6dOam7cAe5turf2bnCg,0.855,0.912,10,-4.832,0,0.145,0.183,0.0,0.122,0.885,104.072,157023,4
150,HDP,Kaydy Cain,spotify:track:6iYQiODKAdVYy34XaqlotY,0.807,0.647,11,-6.341,0,0.0638,0.46,0.0,0.0937,0.933,89.998,213667,4
151,En Las Noches Frias,Ñengo Flow,spotify:track:5ADrOgdsPV1BjT8RmlV6PC,0.592,0.703,0,-6.696,0,0.138,0.0337,0.0,0.0894,0.882,81.231,255904,4
152,Flow 2000 - Remix,Bad Gyal,spotify:track:7fRtruULHGuwC0wNRx1HSa,0.788,0.775,6,-3.554,0,0.093,0.076,0.0,0.123,0.454,95.104,168520,4
154,Jordan,Ryan Castro,spotify:track:2rDZhKnPaPG054ExZ6nXUS,0.796,0.68,10,-5.555,0,0.37,0.0575,0.000683,0.103,0.71,179.923,176143,4
155,BICHOTA,KAROL G,spotify:track:7vrJn5hDSXRmdXoR30KgF1,0.863,0.666,1,-4.158,0,0.152,0.212,0.000493,0.103,0.838,163.908,178947,4
156,EL MAKINON,KAROL G,spotify:track:2FSGUA0gFgGeQdprjtGM2M,0.635,0.706,5,-3.224,0,0.125,0.256,0.0,0.108,0.443,88.863,209160,4
158,El Manual,Anuel AA,spotify:track:7kOf0qHO4Rcwk6QJifZDRJ,0.843,0.845,0,-2.344,1,0.0503,0.35,0.00168,0.0527,0.898,126.989,210624,4
159,Castigo,Feid,spotify:track:7INDea2qgB7TlUgpux3hsg,0.739,0.672,8,-4.127,0,0.174,0.0897,0.0,0.104,0.739,179.78,178080,4
160,Enséñame a Bailar,Bad Bunny,spotify:track:2NMjggapJcXXM7WccGEBUO,0.81,0.789,8,-5.08,1,0.0846,0.191,1.08e-05,0.467,0.77,105.009,176000,4
161,Me Porto Bonito,Bad Bunny,spotify:track:6Sq7ltF9Qa7SNFBsV5Cogx,0.911,0.712,1,-5.105,0,0.0817,0.0901,2.68e-05,0.0933,0.425,92.005,178567,4
163,Tití Me Preguntó,Bad Bunny,spotify:track:1IHWl5LamUGEuP4ozKQSXZ,0.65,0.715,5,-5.198,0,0.253,0.0993,0.000291,0.126,0.187,106.672,243717,4
164,La Llevo Al Cielo (Ft. Ñengo Flow),Chris Jedi,spotify:track:6DoL1yYIwEW7VZMRaJhoJI,0.795,0.845,9,-3.809,0,0.135,0.105,1.14e-05,0.172,0.769,170.023,254920,4
168,Ponle Música,Bryant Myers,spotify:track:1IHjkegfM9HcDZb0u7ZNVY,0.808,0.814,0,-5.451,1,0.0586,0.0167,5.04e-05,0.0591,0.708,92.024,224333,4
170,Travesuras - Remix,Nio Garcia,spotify:track:0VWLId2RwPCno9s1cJm2Vy,0.739,0.788,1,-5.198,1,0.0731,0.0513,0.0,0.282,0.473,175.996,324426,4
176,Travesuras,Nicky Jam,spotify:track:05fqWKL1Qws7owtkuJhZ2S,0.773,0.593,1,-11.948,1,0.104,0.126,0.0,0.0786,0.883,93.984,197546,4
177,Llueve,Wisin & Yandel,spotify:track:5yDAnr9USNQTP6ojiWBCvv,0.736,0.68,11,-4.278,0,0.12,0.155,7.71e-06,0.0643,0.724,168.068,249801,4
180,Tigini (Remix),Rvfv,spotify:track:6stWVqWxtPPednHy1mzoOz,0.782,0.655,6,-5.971,0,0.0566,0.377,0.00134,0.0749,0.662,135.018,175556,4
182,Party,Bad Bunny,spotify:track:4tYFy8ALRjIZvnvSLw5lxN,0.829,0.799,9,-5.389,1,0.0897,0.0151,0.000543,0.242,0.471,97.013,227629,4
184,Tarot,Bad Bunny,spotify:track:41oY4WCTj5kccfesTVFnvN,0.795,0.684,11,-3.971,0,0.0419,0.0225,0.0,0.658,0.419,114.011,237895,4
186,Mayor Que Usted,NATTI NATASHA,spotify:track:7d7aPD2oxuzjhOZnu4Dj23,0.625,0.839,6,-4.824,0,0.0927,0.00762,2.35e-05,0.464,0.771,184.08,233520,4
189,Súbelo,Anuel AA,spotify:track:3fHEwAssCgM4wJYdjT5Ch0,0.625,0.754,6,-4.158,0,0.076,0.17,3.76e-05,0.109,0.746,89.888,239797,4
192,ULTRA SOLO REMIX,Polimá Westcoast,spotify:track:6wtZPYBIXUvCpXwVjMCJBf,0.909,0.824,1,-4.627,1,0.0797,0.0777,0.00387,0.0638,0.585,109.97,322347,4
197,Nos Comemos Vivos,Maluma,spotify:track:3SlKme42qm1vWrkl3BrZmm,0.822,0.719,10,-3.633,0,0.0576,0.165,2.48e-05,0.174,0.659,82.01,225366,4
199,Dime Ave,Dímelo Flow,spotify:track:75drjRuSUyP57tCN9HycFc,0.783,0.72,7,-4.192,0,0.0455,0.231,0.000212,0.344,0.534,93.986,187213,4
202,Mojando Asientos (feat. Feid),Maluma,spotify:track:0LKu09Iq053CEUZ5ktQEWc,0.773,0.767,7,-4.019,1,0.0819,0.0352,0.0,0.299,0.49,94.99,252162,4
204,Se Le Ve,Alex Rose,spotify:track:1ntqvhJlheHh2uFEcK9fqY,0.752,0.803,1,-4.277,1,0.0747,0.212,9.86e-06,0.345,0.679,89.996,184520,4
206,Nos Comemos (feat. Ozuna),Tiago PZK,spotify:track:6ojZtz3sZr6ynvejLOqgCj,0.827,0.819,6,-3.701,1,0.052,0.1,0.0,0.089,0.562,92.017,191087,4
208,Loco Por Perrearte - Remix,De La Ghetto,spotify:track:0vHfVsEe6Ps0d8cZ9PGzSw,0.848,0.673,11,-4.034,0,0.058,0.0147,0.00652,0.102,0.39,93.987,199149,4
210,Noche de Teteo,Sech,spotify:track:5YBvKoQDMAd7IjonxPQYFN,0.566,0.679,6,-3.282,0,0.0863,0.079,0.000808,0.105,0.446,90.907,202600,4
211,Nivel De Perreo,J Balvin,spotify:track:0nDGgXV5oI8TdAmWjUx65l,0.802,0.828,1,-3.601,1,0.0756,0.0217,0.0,0.0692,0.722,91.983,151573,4
213,Luces,Paulo Londra,spotify:track:77UICuAzXRYuJqdhcy6R3m,0.845,0.768,3,-5.593,0,0.076,0.0212,0.0,0.149,0.653,121.003,172562,4
214,Suelta,Jay Wheeler,spotify:track:7kN7u1ZDOrNBKcEEGwGeDY,0.859,0.553,9,-5.726,0,0.0456,0.628,0.00011,0.109,0.338,122.048,243934,4
216,"Quevedo: Bzrp Music Sessions, Vol. 52",Bizarrap,spotify:track:2tTmW7RDtMQtBk7m2rYeSw,0.621,0.782,2,-5.548,1,0.044,0.0125,0.033,0.23,0.55,128.033,198938,4
218,"Villano Antillano: Bzrp Music Sessions, Vol. 51",Bizarrap,spotify:track:4hceSKjrkDTO0nMKFcb3sj,0.82,0.752,1,-7.635,0,0.0648,0.0584,0.00417,0.628,0.423,127.999,187500,4
0,Traductor,Tiago PZK,spotify:track:77l75UICfUZK5k0G7WRGqg,0.845,0.776,11,-3.098,0,0.0488,0.111,0.0321,0.0684,0.528,105.018,222857,4
2,La Nota,Jory Boy,spotify:track:2G0NskSmEdYZ5mzqMl2FA6,0.809,0.817,2,-3.773,1,0.137,0.0686,0.0,0.177,0.685,169.87,221133,4
5,LOKERA,Rauw Alejandro,spotify:track:79HZAZNnOE97rb2hnI0XQr,0.834,0.828,11,-2.657,0,0.0452,0.21,5.91e-06,0.103,0.58,102.019,195294,4
8,DESPECHÁ,ROSALÍA,spotify:track:5ildQOEKmJuWGl2vRkFdYc,0.919,0.623,7,-6.521,1,0.0992,0.184,1.63e-05,0.0609,0.775,130.037,157018,4
9,BRYTIAGO | DJ TAO Turreo Sessions #13,DJ Tao,spotify:track:7zVtZES9buPh9nrcjSbXg7,0.531,0.592,1,-4.276,0,0.288,0.087,0.0,0.0669,0.64,176.058,189730,4
12,Feliz Cumpleaños Ferxxo,Feid,spotify:track:3kUq4sBcmxhnOtNysZ9yrp,0.87,0.55,5,-5.537,1,0.0722,0.102,0.0,0.293,0.566,95.019,156400,4
13,GATÚBELA,KAROL G,spotify:track:1ga4PztXOIw1yBbdUt2X8v,0.627,0.858,11,-2.824,0,0.386,0.263,0.0,0.21,0.342,92.523,209160,4
15,AEIOU,Justin Quiles,spotify:track:1c2vVx6knoiZHXbJJ9Mk8L,0.689,0.856,5,-3.394,0,0.0813,0.0493,0.0,0.232,0.706,126.108,161881,4
17,LOS APARATOS,El Alfa,spotify:track:4SSbtLDkepeOHAckM1FCBP,0.868,0.878,1,-3.294,1,0.038,0.0509,0.00052,0.0857,0.899,112.987,232843,4
20,Mercedes Tintia,Anuel AA,spotify:track:6e9Ew4AECYwY5Xgs2ZKMgp,0.815,0.67,11,-4.076,1,0.109,0.0902,0.000854,0.0973,0.768,172.014,195349,4
21,Rómpela,Yandel,spotify:track:6mwROK8Er0EZdXwbwuiHIJ,0.78,0.791,3,-6.87,0,0.0756,0.161,0.00012,0.0673,0.895,121.958,186885,4
25,Bellacon,El Alfa,spotify:track:4Zj3K3UaUMC6ndSwl05Zyd,0.609,0.821,8,-4.888,1,0.191,0.112,0.00052,0.305,0.575,115.028,212000,4
27,Pantera,Rvfv,spotify:track:4qGr8HmRjhdRoUCnLf82eM,0.817,0.64,9,-4.397,0,0.1,0.254,0.0,0.197,0.398,90.011,181333,4
29,La Bachata,Manuel Turizo,spotify:track:5ww2BF9slyYgNOk37BlC4u,0.835,0.679,7,-5.329,0,0.0364,0.583,1.98e-06,0.218,0.85,124.98,162638,4
30,AMANTES,Becky G,spotify:track:3Q7o2zzvXj7QiSCumjBpvu,0.736,0.77,10,-6.477,0,0.0335,0.109,0.0,0.112,0.837,135.018,209516,4
32,Soltera,Cali Y El Dandee,spotify:track:41ffIDkb10CvzGNBYXm498,0.788,0.774,10,-3.142,1,0.0435,0.0385,3.35e-05,0.0747,0.632,128.0,171400,4
34,La Copa,Ozuna,spotify:track:2gdBsRfuWGwJwe3X5XwZuI,0.913,0.803,0,-3.911,1,0.0353,0.116,0.000275,0.111,0.947,126.016,154628,4
35,CANDY - Remix,ROSALÍA,spotify:track:3VjCEyc0bHfa4Ie34kbWyb,0.738,0.674,4,-3.837,0,0.179,0.727,0.00229,0.0815,0.556,179.979,204655,4
37,Nunca Imagine - Remix,Justin Quiles,spotify:track:2csDKaGRNwR0J9gCtlLkWr,0.656,0.773,8,-3.971,1,0.155,0.0698,0.0,0.305,0.543,180.079,206576,4
39,Se Vuelve Loca,Wisin & Yandel,spotify:track:4DLbHF8lYhpW7QBFROWxel,0.785,0.758,1,-4.86,1,0.172,0.208,0.0391,0.184,0.735,176.962,176241,4
40,Party y Alcohol,Wisin & Yandel,spotify:track:19Z5rP5UdeIGKHjqlh1ZdP,0.657,0.787,9,-4.981,1,0.0894,0.0726,1.65e-06,0.0866,0.858,91.488,193575,4
42,TORO,Jowell & Randy,spotify:track:1fnQGR72fCePrSjdD4XZpt,0.596,0.868,1,-3.632,1,0.196,0.148,0.00232,0.296,0.648,93.862,254458,4
43,Foto En Panty,Sech,spotify:track:4HehbhlVK81hZT5Yg7QmiR,0.823,0.892,4,-5.306,0,0.119,0.176,0.0,0.495,0.785,100.05,174947,4
44,No Te Veo - Remix,Casper Magico,spotify:track:0stKSegkdrfLTDvm5sIO38,0.861,0.786,1,-3.833,1,0.229,0.485,2.44e-05,0.113,0.778,104.017,252440,4
46,Una y Mil Veces - Rumba,Omar Montes,spotify:track:2QFxZNTECGz7uGd7me4dzH,0.803,0.873,11,-3.784,0,0.144,0.0569,0.0,0.151,0.56,108.022,199968,4
48,A Escondidas,$kyhook,spotify:track:44aqOr4450KjyEZuW9Ekpm,0.785,0.427,3,-10.705,1,0.187,0.544,7e-05,0.132,0.587,98.017,217959,4
50,DURO,Chris Jedi,spotify:track:6Bix1x2zJnlvuLr2Xb6CXf,0.678,0.81,8,-3.949,0,0.121,0.522,1.11e-05,0.274,0.629,171.972,218320,4
54,En La De Ella,Jhayco,spotify:track:5NxhMcHSVY3Z7ykWxZf3aj,0.816,0.77,1,-5.477,1,0.0538,0.0798,0.0,0.118,0.671,96.99,230653,4
57,PUNTO G,Quevedo,spotify:track:0oBtwScT4B4BR5kZitNWd5,0.751,0.761,11,-4.113,0,0.15,0.251,0.000238,0.0991,0.553,92.032,151325,4
58,Besos Moja2,Wisin & Yandel,spotify:track:6TsVhM8qIkWN5cJVDIVbbz,0.736,0.727,5,-4.642,0,0.0571,0.0584,1.91e-06,0.0976,0.644,94.048,229065,4
60,Haciéndolo,Dímelo Flow,spotify:track:68uBj4QKLHQJwlANkytJxO,0.794,0.88,5,-2.893,0,0.0736,0.0871,0.00204,0.356,0.787,93.982,207906,4
63,PELIGROSA,Lartiste,spotify:track:1QnyYTtqB4qrXf3NZyDJ4G,0.655,0.645,11,-5.592,0,0.0949,0.114,0.0,0.0762,0.598,180.074,218293,4
65,Salir Con Vida,Morat,spotify:track:5OX1JvE7gTkOd1DSzlrtFw,0.612,0.697,0,-5.476,1,0.0387,0.261,0.0,0.347,0.633,91.976,176087,4
67,Monotonía,Shakira,spotify:track:6G12ZafqofSq7YtrMqUm76,0.873,0.695,0,-4.207,0,0.0459,0.419,1.23e-06,0.211,0.823,131.963,158805,4
69,Un Ladrón,Wisin & Yandel,spotify:track:0GRqaS1RZuqNTlnlOPb5sX,0.873,0.847,10,-4.189,0,0.0472,0.248,0.00378,0.0818,0.921,130.035,254615,4
71,Chica Real,El Villano,spotify:track:41IvihfHQoSZ4jtvFWFNr1,0.824,0.87,10,-4.099,0,0.0803,0.143,0.0,0.15,0.868,97.03,201961,4
73,Amigo,El Villano,spotify:track:37C8Uj8uwV4rlmt9II7mM8,0.727,0.896,2,-5.824,1,0.0471,0.718,0.0,0.354,0.894,81.995,226046,4
75,Un Beso,Danny Paz,spotify:track:0mDYDLR1KToBR4plxAj4O4,0.773,0.85,0,-6.338,1,0.186,0.185,0.0,0.0821,0.908,91.8,190225,4
77,LA JOAQUI | Mission 08,Alan Gomez,spotify:track:3ZkUgtNi45G8qdmya5UTgV,0.81,0.393,4,-9.029,0,0.275,0.495,6.43e-05,0.0618,0.508,90.006,149500,4
79,Mami,Rvfv,spotify:track:4FjkjrvfbB3C4eUqWlw3vB,0.707,0.572,1,-5.378,1,0.157,0.497,4.06e-06,0.126,0.456,98.003,168367,4
81,Real G,Bad Gyal,spotify:track:6WU2eYUtOL91iROonROPyh,0.662,0.828,9,-5.854,1,0.0821,0.148,0.0,0.423,0.451,113.039,191693,4
83,ULALA (OOH LA LA),Myke Towers,spotify:track:4EQOGfssbSpTlV6EZRtrSv,0.872,0.681,0,-4.348,0,0.11,0.0462,1.38e-05,0.129,0.481,96.986,188009,4
85,La Jumpa,Arcángel,spotify:track:5MxFWjuqQIsbNWbMdMdbli,0.713,0.703,8,-5.769,1,0.194,0.298,0.0,0.321,0.576,123.06,255693,4
87,LACONE,Polimá Westcoast,spotify:track:4Rjq1TZbF0bDstOs6SiI6J,0.798,0.718,8,-6.237,0,0.0443,0.263,0.0,0.142,0.727,126.01,260952,4
90,Borracha & Loca,Anuel AA,spotify:track:3M2Uxu8sbTwgznw6anIxB9,0.488,0.764,1,-5.012,1,0.0528,0.19,5.73e-05,0.0502,0.964,104.992,227719,4
92,Vibra,Anuel AA,spotify:track:0DU150UuvrIsqOzAoeB2Zv,0.691,0.777,9,-5.629,1,0.0501,0.0344,0.0,0.0592,0.639,128.001,153643,4
94,JOLLY,Lyanno,spotify:track:4zLDlBGWfXrjj9o9eWXQ8G,0.838,0.881,10,-2.637,1,0.116,0.0752,0.0095,0.111,0.0602,100.034,141600,4
95,La Máquina,Anuel AA,spotify:track:35ns1WEurw3MVlHJjHwNWQ,0.799,0.775,11,-5.869,1,0.077,0.0308,0.00526,0.309,0.605,95.027,296907,4
99,Teteo,Anuel AA,spotify:track:5qLTlf9mCA8JHeLt3tmlId,0.755,0.733,1,-4.209,1,0.046,0.522,0.000982,0.134,0.75,95.991,201562,4
100,Vapor,Wisin & Yandel,spotify:track:4yXBfJAPsDZjpjMEp9NyjT,0.803,0.779,11,-4.449,0,0.0694,0.066,2.23e-05,0.111,0.317,94.009,208895,4
102,La Vida Es Una,KAROL G,spotify:track:3r3vLq7j8DZe1ZVExmuf3h,0.818,0.706,10,-9.273,0,0.0533,0.0669,0.000249,0.0977,0.709,109.981,189550,4
103,Bandolera,Anuel AA,spotify:track:6zw6EBrOdGTbKzC0djTOlD,0.693,0.752,9,-4.108,1,0.0729,0.499,2.66e-05,0.123,0.796,185.996,190296,4
104,Quiere Beber,Anuel AA,spotify:track:0FDMH2ahuIVzCybwHJK9zh,0.773,0.57,8,-3.482,1,0.113,0.372,0.00524,0.108,0.772,95.038,187125,4
105,Si ella quisiera,Justin Quiles,spotify:track:7cIkMEpDhT7Vpw1FHOQqKC,0.77,0.612,9,-7.755,0,0.086,0.0789,0.0,0.153,0.63,90.02,212161,4
106,Tuenti - Remix,Raul Clyde,spotify:track:1ZkIxbmM3ZUhn2OayBdwe5,0.75,0.625,5,-6.97,0,0.047,0.215,0.0,0.0968,0.679,91.954,184277,4
108,APA,Mora,spotify:track:3vKYvbzB7801a5qd47pxkm,0.757,0.738,8,-4.913,0,0.22,0.712,9.67e-06,0.198,0.753,120.091,199831,4
110,DOMINGO DE BOTE,Mora,spotify:track:0rvbMTIWwMZaMC9UnubDPb,0.813,0.772,0,-4.921,1,0.117,0.121,0.0,0.0886,0.443,119.99,190745,4
111,EIVISSA,Mora,spotify:track:3kcj2zzabr8qnR4MnMeWv2,0.742,0.57,5,-9.074,1,0.0482,0.789,0.00294,0.135,0.346,119.998,200279,4
113,Toy a Mil,Nicky Jam,spotify:track:5DwnwR8Kd7LM2CMyRPloqH,0.823,0.845,0,-2.547,1,0.0559,0.109,0.0,0.116,0.395,110.033,148364,4
114,Cochinae (Remix),Julianno Sosa,spotify:track:2M5E0vbB12alQ32iV8LKJI,0.834,0.814,6,-5.624,1,0.0522,0.0314,0.00014,0.31,0.963,97.987,303673,4
118,Por Que Te Demoras?,Plan B,spotify:track:6URNgz911jj10KXTFtevcS,0.893,0.785,2,-5.919,0,0.0812,0.0394,0.0,0.055,0.93,96.039,191400,4
119,Pam Pam,Wisin & Yandel,spotify:track:2up69Rho7swRdP1MHqzX3n,0.874,0.69,10,-6.373,1,0.114,0.121,0.0,0.249,0.735,95.025,227280,4
120,Rakata,Wisin & Yandel,spotify:track:1kQqiC1rS1FiuVpeBKN0QN,0.872,0.786,1,-5.473,1,0.142,0.0348,0.0,0.0776,0.722,96.002,172680,4
121,Corazon De Seda (feat. Ozuna),Klasico,spotify:track:0uRHot8ml8U8cYVwwzMwNT,0.841,0.694,7,-5.114,0,0.0937,0.0759,0.0,0.102,0.83,90.034,186976,4
123,WANDA,Quevedo,spotify:track:0Iozrbed8spxoBnmtBMshO,0.724,0.631,4,-4.42,0,0.0686,0.249,0.0,0.213,0.957,176.076,160909,4
124,Cuando Perriabas,Bad Bunny,spotify:track:5mj8WVFcKdGA8p9HWGTSLc,0.787,0.705,0,-7.582,1,0.0695,0.137,1.06e-06,0.108,0.499,81.998,188654,4
125,PANTIES Y BRASIERES,Rauw Alejandro,spotify:track:0fADaWdT3obxk7zvHS18VY,0.758,0.888,1,-2.851,1,0.0706,0.34,0.00139,0.144,0.408,107.039,197383,4
127,Algo Me Gusta De Ti,Wisin & Yandel,spotify:track:2FqoR7diymD1Eh7cVb3DMg,0.627,0.768,11,-5.296,0,0.0325,0.00291,0.0,0.0598,0.237,127.953,274947,4
130,"Give Me Everything (feat. Ne-Yo, Afrojack & Nayer)",Pitbull,spotify:track:4QNpBfC0zvjKqPJcyqBy9W,0.671,0.939,8,-3.206,1,0.161,0.191,0.0,0.298,0.53,129.024,252307,4
134,Tiki Tiki,Ptazeta,spotify:track:2J8lIDwvxPZQQ0I0wt1oRO,0.895,0.763,1,-3.488,1,0.0774,0.0713,0.000526,0.219,0.638,119.973,131438,4
136,Báilame - Remix,Nacho,spotify:track:4l3xGFwoTinvYxsePytOOf,0.646,0.865,6,-4.215,1,0.0983,0.269,4.16e-06,0.11,0.762,191.954,217093,4
141,Una Noche en Medellín,Cris Mj,spotify:track:1O2pcBJGej0pmH2Y9XZMs6,0.87,0.548,10,-5.253,0,0.077,0.0924,4.6e-05,0.0534,0.832,96.018,153750,4
142,A dónde voy (feat. Daddy Yankee),Cosculluela,spotify:track:3jhO0ilG42onbRpxQ2tmaQ,0.713,0.794,9,-4.223,0,0.247,0.052,0.0,0.287,0.838,174.082,249200,4
144,TAMO EN NOTA,Rauw Alejandro,spotify:track:2I0aHZjCXh6UjMHIOqugYF,0.667,0.81,1,-2.801,0,0.344,0.0922,0.0,0.131,0.829,121.373,180060,4
146,Fanática Sensual,Plan B,spotify:track:5ZFpEsxK5VlLkJi3v7ar2Y,0.793,0.853,1,-3.655,1,0.0477,0.0937,0.0,0.085,0.906,164.022,240320,4
147,YANKEE,Quevedo,spotify:track:0FirgnvrpCkkhdaq64Gfen,0.544,0.747,6,-4.659,1,0.194,0.389,6.81e-06,0.159,0.476,123.647,194400,5
148,SIN SEÑAL,Quevedo,spotify:track:3pjvkWO9fqiRRBE1tDLu3S,0.822,0.851,11,-3.314,0,0.0422,0.333,0.00792,0.105,0.749,117.992,185085,4
150,MUÑECA,Quevedo,spotify:track:4SMeOd5Fb7Rp92ODZTWCHV,0.729,0.68,4,-5.687,1,0.0554,0.393,0.0,0.239,0.466,114.928,210750,4
152,PLAYA DEL INGLÉS,Quevedo,spotify:track:0Sfn2TYbpQtCGMBf6C0Y6T,0.793,0.736,7,-3.254,0,0.0469,0.0822,0.0,0.109,0.656,112.993,237525,4
154,LISBOA,Quevedo,spotify:track:50naDXYjnGlLgrE7yUxsok,0.673,0.809,6,-3.426,1,0.0805,0.287,0.0,0.213,0.514,91.935,151304,4
155,Pensándote,Rauw Alejandro,spotify:track:2wnhst8yHA4gKuojAgZedh,0.79,0.655,1,-3.376,1,0.0762,0.464,0.00165,0.0837,0.56,170.023,216414,4
157,BESTIES,KAROL G,spotify:track:7eTv2OTr3aY5iKtFdBusoA,0.779,0.825,1,-3.366,0,0.306,0.146,0.0,0.0989,0.654,171.926,162147,4
158,DAÑAMOS LA AMISTAD,KAROL G,spotify:track:3jUDqkHatwtprUmZ8epP8P,0.758,0.786,0,-4.847,1,0.0928,0.167,8.46e-06,0.0705,0.592,92.984,174960,4
160,Perreándote,Dalex,spotify:track:4cDQww3uOWSzIsFuomZbi0,0.653,0.868,8,-4.059,1,0.0938,0.0823,1.91e-05,0.272,0.653,180.224,206667,4
163,TQG,KAROL G,spotify:track:0DWdj2oZMBFSzRsi2Cvfzf,0.72,0.63,4,-3.547,0,0.277,0.673,0.0,0.0936,0.607,179.974,199440,4
165,OJOS FERRARI,KAROL G,spotify:track:5yAIrkplUEpMNeojW8Q30o,0.9,0.707,1,-2.792,1,0.0934,0.161,4.25e-05,0.176,0.634,124.042,180040,4
168,Fiebre (Prod. King DouDou),Bad Gyal,spotify:track:5xtxxuIqInrLDSfjA6Co3o,0.421,0.72,7,-6.257,1,0.0571,0.266,0.0,0.225,0.24,97.998,247500,4
169,Zorra,Bad Gyal,spotify:track:0OP1RzrglC008kj79Httv3,0.637,0.65,11,-6.646,1,0.185,0.682,2.2e-06,0.0786,0.736,176.075,186120,4
170,Chulo,Bad Gyal,spotify:track:3szqC0lxrJdhn3eW6FfFfo,0.836,0.8,5,-2.822,0,0.0638,0.0792,0.0,0.0822,0.543,97.054,120413,4
171,Blin Blin,Bad Gyal,spotify:track:5u5S7D8NaQzyKkdU4duHJR,0.771,0.735,1,-3.388,1,0.114,0.103,6.19e-05,0.0503,0.72,96.253,144613,4
173,Nueva York (Tot*),Bad Gyal,spotify:track:1z5TNHJ4WP2ftKhRpqdoNY,0.725,0.975,4,-2.671,0,0.063,0.0261,0.00124,0.137,0.885,130.053,154173,4
174,Una Vaina Loca,Fuego,spotify:track:6YYmoV9YbBefsspGmqFHbs,0.792,0.676,1,-12.813,1,0.0546,0.172,1.93e-05,0.0654,0.712,117.011,188894,4
175,Sígueme Y Te Sigo,Daddy Yankee,spotify:track:7F7kL3i6SDEIbDcoJZGiig,0.736,0.878,1,-3.604,0,0.0428,0.069,6.39e-05,0.756,0.663,100.025,209787,4
176,Passion Whine,Farruko,spotify:track:2QAwkI8L0UVBpjHJ6PwBzn,0.756,0.689,10,-3.87,0,0.0648,0.327,0.0,0.0586,0.782,162.006,213312,4
178,Tiempos de Plan B,Maldy,spotify:track:3ncDEAUzMdf291D27RJQdM,0.766,0.913,2,-3.76,1,0.0954,0.0879,0.0,0.0622,0.72,167.927,161288,4
179,REMIX EXCLUSIVO,Feid,spotify:track:3eqCJfgJJs8iKx49KO12s3,0.651,0.557,5,-5.466,0,0.204,0.0358,0.0,0.154,0.711,87.063,206947,4
180,Coco Chanel,Eladio Carrion,spotify:track:0PB0O24JqAuNdOAFVJljMS,0.683,0.764,2,-5.995,1,0.0441,0.0427,0.0,0.0963,0.137,149.949,160325,4
182,Las Bratz (Remix),Aissa,spotify:track:36W1V6ft4fX7HQVSdIYL0J,0.81,0.815,10,-3.101,0,0.1,0.231,0.0,0.0577,0.958,95.003,444632,4
189,Jugando con la Nieve,Ñengo Flow,spotify:track:6HnlIqJUzp4kv4QvPzolem,0.841,0.958,2,-3.263,1,0.216,0.143,0.0,0.0467,0.764,112.016,160714,4
